{
  "ultracorto": "- La segmentación de clientes es clave para el éxito del marketing.\n- Comprender las necesidades comunes y individuales es crucial.\n- Los datos demográficos son una forma común de segmentar.\n- Incluso dentro de un grupo demográfico, existen múltiples personas.\n- Las \"personas\" ayudan a conectar con los clientes de manera personal y emocional.",
  "intermedio": "- La declaración de valor debe reflejar las necesidades de los clientes.\n- El objetivo es mejorar el servicio enfocándose en cada grupo de clientes.\n- Entender las motivaciones de las personas es esencial para un marketing efectivo.\n- Los datos demográficos incluyen edad, ingresos, región y estatus social.\n- La segmentación facilita el reconocimiento y cumplimiento de las necesidades.\n- Dentro de un grupo demográfico pueden existir múltiples \"personas\" con diferentes motivaciones.\n- Crear una \"persona\" es contar una historia sobre un grupo específico de personas.\n- Las \"personas\" ayudan a personalizar y emocionalizar el marketing.\n- Ejemplo de \"persona\": Laura, madre soltera que quiere emprender con marketing digital.\n- Ejemplo de \"persona\": Fidel, estudiante que quiere un título profesional al graduarse.\n- La ventaja es conectar el marketing de manera personal según las necesidades del grupo.\n- Adaptar el sitio web para reflejar la variedad de tipos de clientes.",
  "profundo": "La segmentación de clientes es un proceso crucial en marketing que permite a las empresas dirigir sus esfuerzos de manera más efectiva. Para Diplomados Online, esto implica reconocer que, aunque el objetivo general de los clientes (adultos trabajadores, estudiantes universitarios y alumnos de bachiller) sea mejorar su perfil profesional, sus necesidades específicas varían considerablemente.\n\n**Necesidades Comunes vs. Individuales:** Es fundamental comenzar por comprender las necesidades comunes que los clientes buscan en una plataforma de formación online. Estas necesidades pueden incluir flexibilidad horaria, variedad de cursos y precios accesibles. Sin embargo, también es importante identificar las necesidades individuales de cada grupo, como cursos especializados para estudiantes universitarios o programas de capacitación para adultos que buscan cambiar de carrera.\n\n**Datos Demográficos:** La demografía es una forma común de segmentar a los clientes, utilizando variables como edad, ingresos, región y estatus socioeconómico. Estos datos proporcionan una visión general de quiénes son los clientes y dónde se encuentran. Sin embargo, es importante reconocer que incluso dentro de un mismo grupo demográfico, pueden existir múltiples \"personas\" con diferentes motivaciones y necesidades.\n\n**Creación de \"Personas\":** La creación de \"personas\" es un proceso que consiste en desarrollar perfiles ficticios pero realistas que representan a diferentes segmentos de clientes. Estos perfiles ayudan a humanizar los datos y a conectar con los clientes de manera más personal y emocional. Por ejemplo:\n\n*   **Laura:** Una madre soltera licenciada en comunicación social que desea cursar marketing digital para emprender su negocio de repostería. Diplomados Online se adapta a sus necesidades de tiempo, permitiéndole manejar su horario.\n*   **Fidel:** Un alumno de cuarto año que quiere ser paramédico y cursar el técnico de emergencias prehospitalarias para salir con un título profesional al graduarse de bachiller.\n\nAl desarrollar estas \"personas\", Diplomados Online puede enfocar su marketing de manera más efectiva, creando mensajes y ofertas que resuenen con las necesidades y motivaciones específicas de cada grupo. Según la \"GUIA Para desarrollar su Plan estratégico.txt\", la segmentación de clientes (Sección 1.2) incluye identificar variables demográficas, psicográficas, geográficas o conductuales. La creación de 'Buyer Personas' (Sección 1.3) profundiza en la creación de un perfil del comprador ideal, facilitando el desarrollo de estrategias de marketing más efectivas."
}